<?xml version="1.0" encoding="UTF-8"?>
<rss version="2.0" xmlns:ror="http://rorweb.com/0.1/" >
<channel>
  <title>ROR Sitemap for https://fincosmetics.000webhostapp.com/</title>
  <link>https://fincosmetics.000webhostapp.com/</link>

<item>
     <link>https://fincosmetics.000webhostapp.com/</link>
     <title>Начало</title>
     <description>Начало</description>
     <ror:updatePeriod></ror:updatePeriod>
     <ror:sortOrder>0</ror:sortOrder>
     <ror:resourceOf>sitemap</ror:resourceOf>
</item>
<item>
     <link>https://fincosmetics.000webhostapp.com/index.html</link>
     <title>Начало</title>
     <description>Начало</description>
     <ror:updatePeriod></ror:updatePeriod>
     <ror:sortOrder>1</ror:sortOrder>
     <ror:resourceOf>sitemap</ror:resourceOf>
</item>
<item>
     <link>https://fincosmetics.000webhostapp.com/her.html</link>
     <title>За нея</title>
     <description>За нея</description>
     <ror:updatePeriod></ror:updatePeriod>
     <ror:sortOrder>1</ror:sortOrder>
     <ror:resourceOf>sitemap</ror:resourceOf>
</item>
<item>
     <link>https://fincosmetics.000webhostapp.com/unisex.html</link>
     <title>Унисекс</title>
     <description>Унисекс</description>
     <ror:updatePeriod></ror:updatePeriod>
     <ror:sortOrder>1</ror:sortOrder>
     <ror:resourceOf>sitemap</ror:resourceOf>
</item>
<item>
     <link>https://fincosmetics.000webhostapp.com/him.html</link>
     <title>За него</title>
     <description>За него</description>
     <ror:updatePeriod></ror:updatePeriod>
     <ror:sortOrder>1</ror:sortOrder>
     <ror:resourceOf>sitemap</ror:resourceOf>
</item>
<item>
     <link>https://fincosmetics.000webhostapp.com/her/perfumes.html</link>
     <title>Женски парфюми</title>
     <description>Женски парфюми</description>
     <ror:updatePeriod></ror:updatePeriod>
     <ror:sortOrder>2</ror:sortOrder>
     <ror:resourceOf>sitemap</ror:resourceOf>
</item>
<item>
     <link>https://fincosmetics.000webhostapp.com/her/make-up.html</link>
     <title>Грим</title>
     <description>Грим</description>
     <ror:updatePeriod></ror:updatePeriod>
     <ror:sortOrder>2</ror:sortOrder>
     <ror:resourceOf>sitemap</ror:resourceOf>
</item>
<item>
     <link>https://fincosmetics.000webhostapp.com/conditions.html</link>
     <title>Начало</title>
     <description>Начало</description>
     <ror:updatePeriod></ror:updatePeriod>
     <ror:sortOrder>2</ror:sortOrder>
     <ror:resourceOf>sitemap</ror:resourceOf>
</item>
<item>
     <link>https://fincosmetics.000webhostapp.com/personal-data-protection.html</link>
     <title>Начало</title>
     <description>Начало</description>
     <ror:updatePeriod></ror:updatePeriod>
     <ror:sortOrder>2</ror:sortOrder>
     <ror:resourceOf>sitemap</ror:resourceOf>
</item>
<item>
     <link>https://fincosmetics.000webhostapp.com/unisex/perfumes.html</link>
     <title>Унисекс парфюми</title>
     <description>Унисекс парфюми</description>
     <ror:updatePeriod></ror:updatePeriod>
     <ror:sortOrder>2</ror:sortOrder>
     <ror:resourceOf>sitemap</ror:resourceOf>
</item>
<item>
     <link>https://fincosmetics.000webhostapp.com/unisex/face-care.html</link>
     <title>Унисекс грижа за кожата</title>
     <description>Унисекс грижа за кожата</description>
     <ror:updatePeriod></ror:updatePeriod>
     <ror:sortOrder>2</ror:sortOrder>
     <ror:resourceOf>sitemap</ror:resourceOf>
</item>
<item>
     <link>https://fincosmetics.000webhostapp.com/him/perfumes.html</link>
     <title>Мъжки парфюми</title>
     <description>Мъжки парфюми</description>
     <ror:updatePeriod></ror:updatePeriod>
     <ror:sortOrder>2</ror:sortOrder>
     <ror:resourceOf>sitemap</ror:resourceOf>
</item>
<item>
     <link>https://fincosmetics.000webhostapp.com/him/shaving.html</link>
     <title>Бръснене</title>
     <description>Бръснене</description>
     <ror:updatePeriod></ror:updatePeriod>
     <ror:sortOrder>2</ror:sortOrder>
     <ror:resourceOf>sitemap</ror:resourceOf>
</item>
<item>
     <link>https://fincosmetics.000webhostapp.com/her/perfumes/lancome-idole.html</link>
     <title>Idôle Lancômee</title>
     <description>Цветен дамски парфюм Idôle от Lancôme</description>
     <ror:updatePeriod></ror:updatePeriod>
     <ror:sortOrder>3</ror:sortOrder>
     <ror:resourceOf>sitemap</ror:resourceOf>
</item>
<item>
     <link>https://fincosmetics.000webhostapp.com/her/perfumes/carolina-herrera-good-girl.html</link>
     <title>Good Girl Carolina Herrera</title>
     <description>Дамски мистериозен парфюм Good Girl от Carolina Herrera</description>
     <ror:updatePeriod></ror:updatePeriod>
     <ror:sortOrder>3</ror:sortOrder>
     <ror:resourceOf>sitemap</ror:resourceOf>
</item>
<item>
     <link>https://fincosmetics.000webhostapp.com/her/make-up/revolution-soph.html</link>
     <title>Soph Revolution</title>
     <description>Soph X от Revolution е nude червило</description>
     <ror:updatePeriod></ror:updatePeriod>
     <ror:sortOrder>3</ror:sortOrder>
     <ror:resourceOf>sitemap</ror:resourceOf>
</item>
<item>
     <link>https://fincosmetics.000webhostapp.com/her/make-up/dior-rouge.html</link>
     <title>Rouge Dior</title>
     <description>Rouge от Dior е червило в няколко цвята и 16 часа комфорт</description>
     <ror:updatePeriod></ror:updatePeriod>
     <ror:sortOrder>3</ror:sortOrder>
     <ror:resourceOf>sitemap</ror:resourceOf>
</item>
<item>
     <link>https://fincosmetics.000webhostapp.com/unisex/perfumes/van-cleef-and-arples-extraordinaire.html</link>
     <title>Van Cleef &amp; Arpels Еxtraordinaire</title>
     <description>Нишов Еxtraordinaire Bois Doré от Van Cleef &amp; Arpels парфюм унисекс</description>
     <ror:updatePeriod></ror:updatePeriod>
     <ror:sortOrder>3</ror:sortOrder>
     <ror:resourceOf>sitemap</ror:resourceOf>
</item>
<item>
     <link>https://fincosmetics.000webhostapp.com/him/perfumes/guess-1981.html</link>
     <title>1981 Guess</title>
     <description>Мъжки свеж парфюм 1981 от Guess</description>
     <ror:updatePeriod></ror:updatePeriod>
     <ror:sortOrder>3</ror:sortOrder>
     <ror:resourceOf>sitemap</ror:resourceOf>
</item>
</channel>
</rss>
  